{
  "class_names": [
    "cracked",
    "gravel",
    "sand",
    "sedimentary"
  ],
  "full_prototypical_acc": 66.66666666666666,
  "few_shot_results": {
    "1": {
      "mean": 0.5469135802469136,
      "std": 0.09643073869223956
    },
    "3": {
      "mean": 0.5950617283950618,
      "std": 0.11683474730193559
    },
    "5": {
      "mean": 0.6037037037037036,
      "std": 0.06839327893562736
    },
    "10": {
      "mean": 0.6333333333333333,
      "std": 0.07611388958912767
    },
    "20": {
      "mean": 0.6382716049382717,
      "std": 0.06320457153664298
    }
  },
  "anomaly_threshold": 0.7,
  "flagged_count": 3
}